relative_height,width,p(around)
-14,4.5,0.1875
-14,6.0,0.09375
-14,7.5,0.0625
-14,9.0,0.09375
-14,10.5,0.09375
-14,12.0,0.0625
-10,4.5,0.28125
-10,6.0,0.25
-10,7.5,0.0625
-10,9.0,0.0625
-10,10.5,0.0625
-10,12.0,0.0625
-6,4.5,0.71875
-6,6.0,0.75
-6,7.5,0.5625
-6,9.0,0.5
-6,10.5,0.65625
-6,12.0,0.375
-2,4.5,0.8125
-2,6.0,0.875
-2,7.5,0.90625
-2,9.0,0.84375
-2,10.5,0.78125
-2,12.0,0.75
2,6.0,1.0
2,9.0,0.96875
2,12.0,0.9375
